{"id":"357eb54e-eb46-4b6a-ba21-6a20cebf034a","timestamp":1757090587868,"matcher":{"static":{},"wildcard":{},"dynamic":{}},"prerendered":["/","/contact","/about","/categories/trending","/blog/about","/categories/top","/navibar/about","/upload","/blog/contact","/cat/Anime/1","/cat/Documentaries/1","/rules","/uploads","/cat/Games/1","/cat/Apps/1","/cat/Movies/1","/cat/TV/1","/cat/XXX/1","/cat/Music/1","/cat/Other/1","/login","/categories/trending-week","/library/1","/top/movies","/top/tv","/top/apps","/top/games","/top/doc","/trending/d/movies","/top/anime","/top/music","/top/other","/top/xxx","/trending/d/apps","/trending/d/tv","/trending/d/music","/trending/d/games","/trending/d/other","/navibar/contact","/navibar/upload","/trending/d/doc","/trending/d/anime","/trending/d/xxx","/navibar/rules"]}